id,indexed_date,language,media_name,media_url,publish_date,title,url
9981c48119400481fa4a61eafd1899ec349f46fbd88a6ab46801ac45aad09bab,2024-12-02 13:27:56.925729+00:00,en,nypost.com,nypost.com,2020-01-06,Marianne Williamson for the angels and other commentary,https://nypost.com/2020/01/06/marianne-williamson-for-the-angels-and-other-commentary/
9bb45b8a9043faa76f50e4ce16bf512aafb825c5e253ae263944868e76a55e77,2024-12-01 15:29:40.721158+00:00,en,nypost.com,nypost.com,2020-01-15,Democratic debate: Post-debate fireworks highlight of otherwise ho-hum night,https://nypost.com/2020/01/15/democratic-debate-post-debate-fireworks-highlight-of-otherwise-ho-hum-night/
542121d72699b93bbb7934464508010f03bfd3077e5bca37fa3902432b07a847,2024-12-01 01:01:16.939895+00:00,en,nypost.com,nypost.com,2020-01-20,House Dems file response to Trump’s impeachment defense,https://nypost.com/2020/01/20/house-dems-file-response-to-trumps-impeachment-defense/
1502dc4f12c45c07422cb282289bcab3b6f4f2966a19224d9f49c72acb61402f,2024-11-30 08:46:52.853435+00:00,en,nypost.com,nypost.com,2020-01-26,Joe Biden’s bias comes through in trying to outwoke competition: Devine,https://nypost.com/2020/01/26/joe-bidens-bias-comes-through-in-tweet-devine/
fef4285bd8837af28e2330a97b99430112e319a5544069cf3a88851715a61219,2024-11-29 18:57:00.826914+00:00,en,nypost.com,nypost.com,2020-01-29,The Senate needs to end this impeachment charade ASAP,https://nypost.com/2020/01/29/the-senate-needs-to-end-this-impeachment-charade-asap/
56c054cbe400dfa07426ded7e48776a649402a24fb85a652df7424f730afa530,2024-11-29 08:03:56.873927+00:00,en,nypost.com,nypost.com,2020-02-03,Senate hears closing arguments in Trump’s impeachment trial,https://nypost.com/2020/02/03/senate-to-hear-closing-arguments-in-trumps-impeachment-trial/
0752dfb67d64fb14e69bd6eb9073fea058c0eea71872552aa6d95ddf1f436393,2024-11-28 10:48:17.206157+00:00,en,nypost.com,nypost.com,2020-02-11,Joe Biden bolts New Hampshire early for South Carolina,https://nypost.com/2020/02/11/joe-biden-bolts-new-hampshire-early-for-south-carolina/
e2ce87c4cd9c90b9304d52a43398d2dd77a7087a95376872ff3a6cf9e23c63ae,2024-11-28 06:37:07.693499+00:00,en,nypost.com,nypost.com,2020-02-12,AG William Barr to testify before Democrat-led House Judiciary Committee,https://nypost.com/2020/02/12/ag-william-barr-to-testify-before-democrat-led-house-judiciary-committee/
9d642619cef2d73b4b774b46cc959d19063865292c6aa388df981e89fa903010,2024-11-28 02:47:57.812718+00:00,en,nypost.com,nypost.com,2020-02-13,Why the 2020 presidential campaign polls are misleading,https://nypost.com/2020/02/13/why-the-2020-presidential-campaign-polls-are-misleading/
0f839401c056735a6bce0f4bb61b1a60fb19ec3054fea8c94b20351b680aad72,2024-11-27 18:13:00.252927+00:00,en,nypost.com,nypost.com,2020-02-17,"Bloomberg once suggested farming, factory work don’t require much ‘gray matter’",https://nypost.com/2020/02/17/bloomberg-once-suggested-farming-factory-work-doesnt-require-much-gray-matter/
b284de96aac01e4229463fa66008292df86423e2db2b43277e6977d7e0c73ebc,2024-11-27 10:21:24.479510+00:00,en,nypost.com,nypost.com,2020-02-19,AOC is the best thing for Bernie Sanders: Devine,https://nypost.com/2020/02/19/aoc-is-the-best-thing-for-bernie-sanders-devine/
79d13eabd5b6bd929b1f2a8a49efc3b5ba823e07ab6d42726efa37763c69c2b1,2024-11-27 04:11:27.798332+00:00,en,nypost.com,nypost.com,2020-02-21,Trump celebrates ‘Miracle on Ice’ Olympic heroes at Las Vegas rally,https://nypost.com/2020/02/21/trump-celebrates-miracle-on-ice-olympic-heroes-at-las-vegas-rally/
0bf30c30716414cc13206d6f57460ce08106a85db444ad8b92d1309a72af2c83,2024-11-26 07:30:29.087332+00:00,en,nypost.com,nypost.com,2020-02-28,A not-so-super Tuesday and other commentary,https://nypost.com/2020/02/28/a-not-so-super-tuesday-and-other-commentary/
71cc4bc578d789545eaca07d2f29b883b47beb595ff1b24eb110090cf7f6974f,2024-11-25 14:04:38.214991+00:00,en,nypost.com,nypost.com,2020-01-28,Parties must move on from Trump impeachment — or end in mutual destruction: Goodwin,https://nypost.com/2020/01/28/parties-must-move-on-from-trump-impeachment-or-end-in-mutual-destruction-goodwin/?utm_source=twitter_sitebuttons&utm_medium=site%20buttons&utm_campaign=site%20buttons
14eb521405adb4af8067a126c5c35a5b7cf20c5caadf7a48e6f3794ce6e53a60,2024-11-24 17:10:23.714770+00:00,en,nypost.com,nypost.com,2020-03-10,Biden’s biggest problem: His candidacy relies totally on Obama nostalgia,https://nypost.com/2020/03/10/bidens-biggest-problem-his-candidacy-relies-totally-on-obama-nostalgia/
3e76ef274a12d68c4436a2a485eaed64e613b71ec203ec518b1e95a2b23f52b9,2024-11-24 04:29:10.241614+00:00,en,nypost.com,nypost.com,2020-03-14,America needs its own ‘Christmas Truce’ to triumph over coronavirus: Goodwin,https://nypost.com/2020/03/14/america-needs-its-own-christmas-truce-to-triumph-over-coronavirus-goodwin/
2a5f1e7de1e738073c577f3449e492791590b8228394ff2712ac816a7cc951b6,2024-11-23 23:17:15.397742+00:00,en,nypost.com,nypost.com,2020-03-16,Coronavirus crisis upends Democratic presidential race,https://nypost.com/2020/03/16/coronavirus-crisis-upends-democratic-presidential-race/
a7494940aac0785515f6234894c7ccb876f69df98030e9447fa6c68f20d7d5f2,2024-11-23 13:19:07.699874+00:00,en,nypost.com,nypost.com,2020-03-18,Who will Joe Biden pick as his vice presidential running mate?,https://nypost.com/2020/03/18/who-will-joe-biden-pick-as-his-vice-presidential-running-mate/
cf03bd78f7f39c1689a10442fd48409c6cfdce833b463c2fd9684e6afd782df5,2024-11-22 19:00:09.459396+00:00,en,nypost.com,nypost.com,2020-03-21,Coronavirus is ‘existential threat’ to Trump re-election: GOP insiders,https://nypost.com/2020/03/21/coronavirus-is-existential-threat-to-trump-re-election-gop-insiders/
7c88f6d49e76cbd886165ff3fdd0aaa3b77d63c498ea1410b85f9d9f3be83575,2024-11-22 18:47:26.771956+00:00,en,nypost.com,nypost.com,2020-03-20,"From breaking with China to boosting bipartisanship, coronavirus markedly impacting US politics",https://nypost.com/2020/03/20/from-breaking-with-china-to-boosting-bipartisanship-coronavirus-markedly-impacting-us-politics/
503667b1f7c85b256df502430ffbaa5df1f04ab405593d26771a7d49bb6c8e3b,2024-11-21 22:20:19.190174+00:00,en,nypost.com,nypost.com,2020-03-24,A Hong Kong coronavirus warning and other commentary,https://nypost.com/2020/03/24/a-hong-kong-coronavirus-warning-and-other-commentary/
46af387d7e75b435bdc8d8dc7a296f47b45a2863d73489d922116b34f897ffbc,2024-11-21 09:25:26.110594+00:00,en,nypost.com,nypost.com,2020-03-01,Criticisms of Trump’s coronavirus response are sickening: Devine,https://nypost.com/2020/03/01/criticisms-of-trumps-coronavirus-response-are-sickening-devine/?utm_source=twitter_sitebuttons&utm_medium=site%20buttons&utm_campaign=site%20buttons
9a811b0067f0ea47621f38fb567a49b5eb183944cdf8596f7cdd1fe6ce849616,2024-11-21 09:25:16.123181+00:00,en,nypost.com,nypost.com,2020-03-28,How Trump’s war on the coronavirus could win him re-election,https://nypost.com/2020/03/28/how-trumps-war-on-the-coronavirus-could-win-him-re-election/
f455cc3c5a0afcefc110b35cfac30b16be5ff45f85d14684d3e714628a77ee70,2024-11-19 22:23:37.382029+00:00,en,nypost.com,nypost.com,2020-04-07,How Wisconsin is managing a primary vote amid coronavirus pandemic,https://nypost.com/2020/04/07/wisconsin-voters-brave-coronavirus-to-vote-in-primary-race/
8d70eed5dda2d5f925b04377a85c0aa9f1d55436174ed095168af8e848aae416,2024-11-19 09:04:28.189229+00:00,en,nypost.com,nypost.com,2020-02-11,The spectacular collapse of Joe Biden as the Democrats’ front-runner,https://nypost.com/2020/02/11/the-spectacular-collapse-of-joe-biden-as-democratic-frontrunner/?utm_source=facebook_sitebuttons&utm_medium=site+buttons&utm_campaign=site+buttons
fcf2e35ab6e5007701386413b05a413ac6d878dc77d944a0c4013e97586c3671,2024-11-18 02:13:46.762164+00:00,en,nypost.com,nypost.com,2020-04-21,Trump’s tweet of video mocking Obama’s Biden endorsement goes viral,https://nypost.com/2020/04/21/trumps-tweet-of-video-mocking-obamas-biden-endorsement-goes-viral/
eb74dc02cee9649b7b89ce8b639d79f8bc20b99cb6f9d292bb4f3c15fa8a70da,2024-11-17 17:35:55.120077+00:00,en,nypost.com,nypost.com,2020-04-23,Biden fears Trump will try to ‘kick back’ the election amid coronavirus,https://nypost.com/2020/04/23/biden-fears-trump-will-try-to-postpone-the-election-amid-coronavirus/
29eee626d1eff6363e6b1b133ff50a10ee396512ef399d540bf2767d693bde9d,2024-11-17 15:30:10.781140+00:00,en,nypost.com,nypost.com,2020-04-24,Meet the Bernie Sanders fans who say they will never support Joe Biden,https://nypost.com/2020/04/24/meet-the-bernie-sanders-fans-who-wont-endorse-joe-biden/
2271ed5cd2f66831921e4888371c9c16db4b3ce10c4b59c770c1f3b9bc431310,2024-11-16 22:19:29.205095+00:00,en,nypost.com,nypost.com,2020-04-30,China denies trying to play role in Trump’s re-election campaign,https://nypost.com/2020/04/30/china-has-no-interest-in-interfering-with-trumps-campaign/
d840c586bf3861b97df12f185fcbeb7b0f5d9397701d808eb9da812fc18522f7,2024-11-16 19:09:29.836815+00:00,en,nypost.com,nypost.com,2020-04-29,Tara Reade could turn 2020 election and other commentary,https://nypost.com/2020/04/29/tara-reade-could-turn-2020-election-and-other-commentary/
a980ac3ab2330c50983447dbd4a77b5c9f4eb8cf76e5557bf86a076d1db495bf,2024-11-16 13:57:37.594425+00:00,en,nypost.com,nypost.com,2020-05-04,Michelle Obama says lack of minority voters in 2016 was ‘slap in the face’,https://nypost.com/2020/05/04/michelle-obama-lack-of-minority-voters-in-2016-was-slap-in-face/
4cf6029c357b5da118efac892e3379ea2f81b556fb349467ef56952dc7315d89,2024-11-16 12:53:15.600401+00:00,en,nypost.com,nypost.com,2020-05-04,"Russia, China seek to divide us and other commentary",https://nypost.com/2020/05/04/russia-china-seek-to-divide-us-and-other-commentary/
28de697de3eb36226b9f8f2f85ca3c0ed21f1d78b50aab668d7ffbb29386cfef,2024-11-15 19:26:49.420852+00:00,en,nypost.com,nypost.com,2020-05-09,Bill Maher says Democrats should ignore Joe Biden accuser Tara Reade,https://nypost.com/2020/05/09/bill-maher-democrats-should-ignore-joe-biden-accuser-tara-reade/
de8140728429d0bcb414507371210cac62fc2eb50f8f6dd00a8670da4db4bffa,2024-11-15 09:15:34.300503+00:00,en,nypost.com,nypost.com,2020-05-10,Michael Flynn fiasco will reveal Obama’s truth: Devine,https://nypost.com/2020/05/10/michael-flynn-fiasco-will-reveal-obamas-truth-devine/
c269132e8fc516b17fcb50383cca9a0175956c0465ef260ddecf26312a0485fd,2024-11-15 06:37:09.218564+00:00,en,nypost.com,nypost.com,2020-05-13,"Trump suggests Biden lied, calls Flynn unmasking ‘a massive thing’",https://nypost.com/2020/05/13/trump-suggests-biden-lied-calls-flynn-unmasking-a-massive-thing/
41ad2ad4442ad5c71ee8cc55304e5173d53720f4336966b2dd801007b8d82945,2024-11-14 16:30:06.778863+00:00,en,nypost.com,nypost.com,2020-05-18,"William Barr doesn’t expect criminal case into Obama, Biden over Russia probe",https://nypost.com/2020/05/18/william-barr-doesnt-expect-criminal-case-into-obama-biden-over-russia-probe/
46fedb28b387d0d5e48b230feceecf64813d557280a4898c1cc515860cc8d758,2024-11-14 15:53:38.738269+00:00,en,nypost.com,nypost.com,2020-05-18,Trump ‘surprised’ by AG Barr’s refusal to probe Obama over Russia case,https://nypost.com/2020/05/18/trump-surprised-by-barrs-refusal-to-probe-obama-over-russia-case/
35ad7798ddc2a5cf02265e7e199379540a93db8323c96cfaeedd735734325270,2024-11-14 12:29:34.021742+00:00,en,nypost.com,nypost.com,2020-05-19,Republicans on House coronavirus panel want China ambassador to testify,https://nypost.com/2020/05/19/republicans-on-house-coronavirus-panel-want-china-ambassador-to-testify/
9afcd5fcf2627100195847c47f42b470847ba23bc96c418109fcb6fb8610a0c2,2024-11-14 10:07:23.811781+00:00,en,nypost.com,nypost.com,2020-05-20,"Recording of calls between Joe Biden, ex-Ukraine President Poroshenko leaked",https://nypost.com/2020/05/20/joe-bidens-phone-calls-with-former-ukraine-president-poroshenko-released/
cdc5c0b3cbf14d83f434b099e0067ee7508149979c2d2a5f49a3dc636a935a1e,2024-11-14 06:37:25.771377+00:00,en,nypost.com,nypost.com,2020-05-21,China is ‘significant emerging threat’ to US: Rep. Stefanik,https://nypost.com/2020/05/21/china-is-significant-emerging-threat-to-us-rep-stefanik/
a111e974ac57525e6b26c6c954d52149cedd4f4773e98ec878c33b17e5fffc49,2024-11-14 06:06:49.450996+00:00,en,nypost.com,nypost.com,2020-05-21,Mueller’s Russia probe deputy to headline virtual Biden fundraiser,https://nypost.com/2020/05/21/muellers-russia-probe-deputy-to-headline-biden-fundraiser/
3b19ead7c70d07a5cb11d3aa930973fe830baede6fd74a014d658030fb260fe2,2024-11-13 14:35:04.864251+00:00,en,nypost.com,nypost.com,2020-05-27,Rep. Jim Clyburn admits he ‘cringed’ at Joe Biden’s ‘ain’t black’ remark,https://nypost.com/2020/05/27/rep-jim-clyburn-cringed-at-joe-bidens-aint-black-remark/
0234501c918e8c5d4fa89dae9f411a14fe16001383bce3192e653e6d96b3112e,2024-11-13 13:57:10.132635+00:00,en,nypost.com,nypost.com,2020-05-27,Twitter fact-checker has history of politically charged posts,https://nypost.com/2020/05/27/twitter-fact-checker-has-history-of-politically-charged-posts/
d0be70f4e751bc56219719e59fda9a798c6592d78be24bfa460ab8d4749a5105,2024-11-13 11:03:29.485238+00:00,en,nypost.com,nypost.com,2020-05-28,AG Barr appoints special prosecutor to review 2016 election ‘unmasking’,https://nypost.com/2020/05/28/ag-barr-appoints-special-prosecutor-to-review-2016-election-unmasking/
624968f98f6bd66e3eab84cf79beb2e13a922c7b3b36893776aee2702eebd372,2024-11-13 10:19:54.793206+00:00,en,nypost.com,nypost.com,2020-05-28,Warren in ‘regular contact’ with Biden as VP search heats up,https://nypost.com/2020/05/28/elizabeth-warren-in-regular-contact-with-joe-biden-as-vp-search-heats-up/
35b99836749f53d7bca3eea07a81d9b97a250a94b736f576f8380c604dc5ff70,2024-11-12 21:43:17.046850+00:00,en,nypost.com,nypost.com,2020-05-13,"Biden, Comey, Clapper among officials who tried to 'unmask' Flynn",https://nypost-com.cdn.ampproject.org/v/s/nypost.com/2020/05/13/biden-comey-clapper-among-officials-who-tried-to-unmask-flynn/amp/?usqp=mq331AQFKAGwASA%3D&amp_js_v=0.1#referrer=https%3A%2F%2Fwww.google.com&amp_tf=From%20%251%24s&ampshare=https%3A%2F%2Fnypost.com%2F2020%2F05%2F13%2Fbiden-comey-clapper-among-officials-who-tried-to-unmask-flynn%2F
72b88209d209fd5b82f1bc1642de5cca65191c3df56ad5a1232ac9365c6a26fa,2024-11-12 21:42:08.143203+00:00,en,nypost.com,nypost.com,2020-05-17,Democrats are exposing themselves in Michael Flynn case: Devine,https://nypost.com/2020/05/17/democrats-are-exposing-themselves-in-michael-flynn-case-devine/?utm_campaign=iphone_nyp&utm_source=twitter_app
cc28910813992edab5c9d484cdccb49e7ad1c48eb13c524b3ab83fa28d573ac6,2024-11-12 20:26:32.639288+00:00,en,nypost.com,nypost.com,2020-05-23,"During coronavirus pandemic, essentials are the new protected class: Goodwin",https://nypost.com/2020/05/23/coronavirus-is-boom-time-for-socialists-goodwin/?utm_campaign=SocialFlow&utm_medium=SocialFlow&utm_source=NYPOpinionTwitter
97924cfc831969f711e3695b61a98029315d430955780f6d3e101aa0e7e76133,2024-11-12 09:57:39.169138+00:00,en,nypost.com,nypost.com,2020-06-10,"Georgia’s election plagued by litany of problems: heat, rain, long lines",https://nypost.com/2020/06/10/georgias-election-plagued-by-litany-of-problems/
3c72ed1fef3f064b709121a232ac1e786155399f81f6ef219d229e486cedea59,2024-11-12 05:37:32.587571+00:00,en,nypost.com,nypost.com,2020-06-12,Trump rips Biden for claiming troops will be needed to remove him from White House,https://nypost.com/2020/06/12/trump-rips-biden-for-claiming-troops-will-be-needed-to-remove-him-from-white-house/
ca2ea56596f372b1278d12dc94fda7657fae91510808675acdc7519602fabbbf,2024-11-12 04:09:04.935471+00:00,en,nypost.com,nypost.com,2020-05-10,Michael Flynn fiasco will reveal Obama’s truth: Devine,https://nypost.com/2020/05/10/michael-flynn-fiasco-will-reveal-obamas-truth-devine/amp/
a6835e958834967d23789af81827b16a7410a49158a21b93cc47d69a90afcf62,2024-11-12 03:03:18.828371+00:00,en,nypost.com,nypost.com,2020-06-14,Trump vs. Biden and our yearning for ‘normalcy’,https://nypost.com/2020/06/14/trump-vs-biden-and-our-yearning-for-normalcy/
e1a9509b68e1c355d680ebb49341ef3d9da1e83a4c14d4c36faea6bb41282a1d,2024-11-11 22:26:42.565031+00:00,en,nypost.com,nypost.com,2020-06-17,Bolton book claims Trump pressed China’s leader to aid reelection: reports,https://nypost.com/2020/06/17/bolton-book-claims-trump-pressed-chinas-leader-to-aid-reelection-reports/
ad7e0930270c035d8ec3b1ebea3bb45e6cc2172974350ce46c11d07796f516c9,2024-11-11 17:04:28.178465+00:00,en,nypost.com,nypost.com,2020-06-21,The Democrats’ civil war is bad for the United States: Devine,https://nypost.com/2020/06/21/the-democrats-civil-war-is-bad-for-the-united-states-devine/
612b53a74b4fde08beb415679c455100abcbe3dda2814a19882fb1d8b4fdbc29,2024-11-11 04:31:09.436583+00:00,en,nypost.com,nypost.com,2020-06-30,Democrats playing politics with Black Lives and other commentary,https://nypost.com/2020/06/30/democrats-playing-politics-with-black-lives-and-other-commentary/
003858aaa81242dc388a488fe045673a04f96591e517b5a98819d882e2c41a53,2024-11-11 02:52:53.354661+00:00,en,nypost.com,nypost.com,2020-07-01,Mark Zuckerberg presides over a toxic world — but never really pays a price,https://nypost.com/2020/07/01/mark-zuckerberg-never-pays-the-price-for-toxic-world-he-created/
80f0fbe8836e805222d10884b166809cbcde44c35eb3728f82f5e09c7a73653e,2024-11-10 15:50:27.257451+00:00,en,nypost.com,nypost.com,2020-06-08,Trump campaign rallies to start up again in next two weeks,https://nypost.com/2020/06/08/trump-campaign-rallies-to-start-up-again-in-next-two-weeks/?utm_campaign=iphone_nyp&utm_source=facebook_app
cabb5b6337ea58340d2f55a505e671ff0976816fd57f6e2a60421ff43d5c740b,2024-11-09 23:40:13.000647+00:00,en,nypost.com,nypost.com,2020-07-18,Joe Biden says Russians are trying to meddle in 2020 election,https://nypost.com/2020/07/18/joe-biden-says-russians-are-trying-to-meddle-in-2020-election/
28f218026d16e20389a557fd4fa91511f09849dc6d7e486f416446c6b3442f4c,2024-11-09 22:23:30.536881+00:00,en,nypost.com,nypost.com,2020-07-18,"To win in 2020, Trump needs to quell America’s disruption",https://nypost.com/2020/07/18/to-win-in-2020-trump-needs-to-quell-americas-disruption/
5d29fbbe6a038a279187d0a6d865ae8261fecf9595b87abc93039f3c3b4aa15d,2024-11-09 21:00:22.561421+00:00,en,nypost.com,nypost.com,2020-07-19,Teachers vs. science (and kids) and other commentary,https://nypost.com/2020/07/19/teachers-vs-science-and-kids-and-other-commentary/
68c4af8b02888065aa34b95e607ccea198a2d65b19f8d2ce41fe86587161901a,2024-11-09 12:20:32.127519+00:00,en,nypost.com,nypost.com,2020-07-24,Trump’s response to city violence and other commentary,https://nypost.com/2020/07/24/trumps-response-to-city-violence-and-other-commentary/
9f0b4a5e160461bac6bd902eed69e7374e5a3a4693b8080c8b9c5aeab54dbd34,2024-11-09 11:22:00.811981+00:00,en,nypost.com,nypost.com,2020-07-29,Big Tech must be brought to heel over election influencing: Devine,https://nypost.com/2020/07/29/big-tech-taken-to-task-on-capitol-hill-over-election-influencing/
bb0582510e302fd4b074eb6d0405508bc3c8a99eae5b203b62be4edf3265af88,2024-11-09 02:18:41.021924+00:00,en,nypost.com,nypost.com,2020-07-25,COVID-19 is at the core of Donald Trump’s election woes: Goodwin,https://nypost.com/2020/07/25/covid-19-is-at-the-core-of-donald-trumps-election-woes-goodwin/?utm_source=twitter_sitebuttons&utm_medium=site%20buttons&utm_campaign=site%20buttons
aa824b7004e23a06cc5ee33fe32218746cc6f3449efba59832d5de443be736f7,2024-11-08 20:56:35.485877+00:00,en,nypost.com,nypost.com,2020-08-08,There’s no masking Mayor Bill de Blasio’s apathy for NYC: Goodwin,https://nypost.com/2020/08/08/theres-no-masking-mayor-de-blasios-apathy-for-nyc-goodwin/
e596f6e35f22ce97f38efa248afd501f1cfb031320bab6c8e439a62887f17c86,2024-11-08 18:33:23.264041+00:00,en,nypost.com,nypost.com,2020-08-11,Left showing hypocrisy with China meddling revelations: Goodwin,https://nypost.com/2020/08/11/left-showing-hypocrisy-with-china-meddling-revelations-goodwin/
3f664247a0b7b41f2b44abb153cc672c8c39159ca369cf8b3fe9e33ba369edbb,2024-11-08 17:04:11.636075+00:00,en,nypost.com,nypost.com,2020-08-12,Touting Kamala Harris as a moderate is a liberal dose of deception: Devine,https://nypost.com/2020/08/12/kamala-harris-being-moderate-is-a-liberal-dose-of-deception-devine/
f9177505f10a9310d6667933663f67a3c09415337862092f56032c7fb3ca9906,2024-11-08 16:24:24.236315+00:00,en,nypost.com,nypost.com,2020-08-13,"Trump calls Kamala Harris a ‘mad woman,’ claims Dems want to tear down Empire State Building",https://nypost.com/2020/08/13/trump-slams-mad-woman-kamala-harris-claims-dems-will-destroy-economy/
6c67c1c94d09a9818fb31ad3b660101045ad0244acafec4e33a7c67dc7b890b1,2024-11-08 15:40:22.538785+00:00,en,nypost.com,nypost.com,2020-08-13,Biden-Harris is a stinker and other commentary,https://nypost.com/2020/08/13/biden-harris-is-a-stinker-and-other-commentary/
30266ff230930495447b0a4946e5fb1f51c8ac55b09fd030b38629c78682a5ae,2024-11-08 10:43:57.154945+00:00,en,nypost.com,nypost.com,2020-08-17,Donald Trump joins TikTok’s rival Triller and already has 4.8M views,https://nypost.com/2020/08/17/donald-trump-joins-tiktoks-rival-and-already-has-4-8m-views/
bd6527348825aecc58c154486a7f941398b0b9e9c116706aef7fdeefb5a3257b,2024-11-08 10:15:52.060521+00:00,en,nypost.com,nypost.com,2020-08-15,Kanye West’s bonkers presidential campaign makes total sense in 2020,https://nypost.com/2020/08/15/kanyes-bonkers-presidential-campaign-makes-total-sense-in-2020/
8ed28670e9f8eee4175c6c7da01561f881d1a7af6d4e74b1244711ed303b20e8,2024-11-08 10:15:51.864612+00:00,en,nypost.com,nypost.com,2020-08-15,Markets should be pricing in would-be Biden win already — they’re not,https://nypost.com/2020/08/15/markets-should-be-pricing-in-would-be-biden-win-already/
4c7b29749eea141e8abe9eb6b7e0de352f2b078624484c05c5c999ff78c952a7,2024-11-08 07:30:30.884032+00:00,en,nypost.com,nypost.com,2020-08-19,"Barack Obama, Hillary Clinton and Kamala Harris headline DNC night three",https://nypost.com/2020/08/19/obama-clinton-and-kamala-harris-headline-dnc-night-three/
061ca5bd66a6319206999299c63c56448abc30ec7aff4de97c437f46f218a531,2024-11-08 07:19:34.032146+00:00,en,nypost.com,nypost.com,2020-08-19,Kamala Harris says ‘road ahead will not be easy’ in DNC acceptance speech,https://nypost.com/2020/08/19/kamala-harris-says-road-ahead-will-not-be-easy-in-dnc-speech/
adffa1881645f63914abcc089d9aedb264334a66050b2399716fccfe2e3f1a9c,2024-11-08 06:01:18.103632+00:00,en,nypost.com,nypost.com,2020-08-20,Trump accuses Biden of ‘abandoning Pennsylvania’ at rally near his hometown,https://nypost.com/2020/08/20/trump-accuses-biden-of-abandoning-pennsylvania-at-rally/
d74d47b362deb259991332c0e3d79b374f9b3d5f65d5d3b63533ec223317b628,2024-11-08 01:49:14.308276+00:00,en,nypost.com,nypost.com,2020-08-23,New York State Troopers union boss endorses Trump for re-election,https://nypost.com/2020/08/23/new-york-state-troopers-pba-president-backs-trump-re-election/
d100bfbb82375c3ea951b9530d2b9aeb242985ce764c232f7ebf89f71856e915,2024-11-07 23:03:32.102000+00:00,en,nypost.com,nypost.com,2020-08-24,"Richard Grenell, first openly gay cabinet member, says Trump rejects ‘identity politics’",https://nypost.com/2020/08/24/first-gay-cabinet-member-says-trump-rejects-identity-politics/
d2d203a6b873a9791b14640f8ea2c601bdca0c2c11ad778692d99bc4a4f271de,2024-11-07 22:46:02.255153+00:00,en,nypost.com,nypost.com,2020-08-24,"RNC 2020: Viral candidate Kim Klacik tells Dems, ‘We’re not going to take it’",https://nypost.com/2020/08/24/rnc-2020-viral-candidate-kim-klacik-tells-dems-were-not-going-to-take-it/
b21399cff9370331d09e0e591841911427ec9e1ba72cf08aaf9054861d52da22,2024-11-07 22:40:26.229509+00:00,en,nypost.com,nypost.com,2020-08-24,RNC 2020: Nikki Haley touts ‘we did what Obama and Biden refused to’,https://nypost.com/2020/08/24/rnc-2020-nikki-haley-touts-we-did-what-obama-and-biden-refused-to/
ec69728fe9171de47cf138640bfdc347ddfde64e3cd3467958a282a81b0ac4fb,2024-11-07 22:37:34.713412+00:00,en,nypost.com,nypost.com,2020-08-24,RNC 2020: Tim Scott says election is about ‘promise of America’,https://nypost.com/2020/08/24/rnc-2020-tim-scott-says-election-is-about-promise-of-america/
60f28101e02c97288d6e645478f50c9f517fa52bce5511ca659ac613040a5ccb,2024-11-07 22:36:18.974458+00:00,en,nypost.com,nypost.com,2020-08-25,GOP makes compelling pitch to black voters during first night of RNC 2020,https://nypost.com/2020/08/25/rnc-2020-gop-makes-compelling-pitch-to-black-voters/
0f0db1b89fb4d7ff165111324c6a6bfa1dbdae8a4867a0fd85fcc0c9398fccd4,2024-11-07 21:55:34.947522+00:00,en,nypost.com,nypost.com,2020-08-25,"Joe Biden, Kamala Harris to be regularly tested for COVID-19",https://nypost.com/2020/08/25/joe-biden-kamala-harris-to-be-regularly-tested-for-covid-19/
2bddf05a4d5e152356a0f5e9a99fccfe3abfe989689e0eb0ba31c091de8f1cc4,2024-11-07 19:35:18.043278+00:00,en,nypost.com,nypost.com,2020-05-27,You can’t mask the Joe Biden mess: Devine,https://nypost.com/2020/05/27/you-cant-mask-the-joe-biden-mess-devine/?utm_source=twitter_sitebuttons&utm_medium=site%20buttons&utm_campaign=site%20buttons
6e87c7f06a7c5b430160d50c7b6333385478fe7b4578880cf1d6f7947fb78069,2024-11-07 18:54:12.653505+00:00,en,nypost.com,nypost.com,2020-08-26,Gov. Kristi Noem likens Trump’s challenges to Lincoln’s at RNC,https://nypost.com/2020/08/26/rnc-2020-gov-kristi-noem-likens-trumps-challenges-to-lincolns/
4d7c086cc9d78164edf7aaa9a43df66dfae5268c4476ea1def3cfb28f90e6299,2024-11-07 17:54:55.804478+00:00,en,nypost.com,nypost.com,2020-08-26,Craven Democrats invite violence: Devine,https://nypost.com/2020/08/26/craven-democrats-invite-violence-devine/
8f689e4c7e5420d4df226c322c41fe83280677f212e259c6448454dab4f7fe78,2024-11-07 17:48:15.226111+00:00,en,nypost.com,nypost.com,2020-08-27,US officials say there’s no signs of foreign countries targeting mail-in voting,https://nypost.com/2020/08/27/us-officials-no-signs-of-foreign-targeting-of-mail-in-vote/
80ad5eecfc55efa0a99a935b575a77666dc1c8947473b9300e3a0f81787093cb,2024-11-07 17:02:43.696779+00:00,en,nypost.com,nypost.com,2020-08-27,RNC 2020: Ivanka Trump calls her father a ‘warrior in the White House’,https://nypost.com/2020/08/27/rnc-2020-ivanka-trump-calls-her-father-a-warrior-in-the-white-house/
fb3b8f53c8dd915041acc0447f1a5b8a58efd69f32dc8ae8baebaa903c8cd594,2024-11-07 17:01:10.903642+00:00,en,nypost.com,nypost.com,2020-08-27,Tom Cotton says China ‘rooting’ for ‘weak’ Joe Biden at RNC,https://nypost.com/2020/08/27/rnc-2020-tom-cotton-says-china-rooting-for-weak-joe-biden/
2187a6b274fda1bfc2952393f5e3efa353777fd9c8a2cc84c6f182dbf91e9a04,2024-11-07 15:59:33.569645+00:00,en,nypost.com,nypost.com,2020-08-28,US adapts to climate threats with drastic shift in flood strategy,https://nypost.com/2020/08/28/us-adapts-to-climate-threats-with-drastic-shift-in-flood-strategy/
ec55585a4c12cefd0d6b41886ed4c426b4315dc3e4e861b032cbc19ad81bf64d,2024-11-07 03:13:30.993155+00:00,en,nypost.com,nypost.com,2020-08-29,JFK’s grandson may be the last hope for the Kennedys’ political dynasty,https://nypost.com/2020/08/29/jfks-grandson-may-be-last-hope-for-kennedy-dynasty/
6da45b9442418794ffd4dfa76161257cf942b03738ee15ace977a4b6ee3f6c53,2024-11-07 01:18:13.405932+00:00,en,nypost.com,nypost.com,2020-08-30,Michael Moore says Trump could repeat 2016 win with ‘off the charts’ enthusiasm,https://nypost.com/2020/08/30/michael-moore-says-trump-could-repeat-his-2016-win/
e66c3cf32ddd07ea410751c8ac73e76f41c73e974165a717248e7e331574f217,2024-11-06 06:10:59.019214+00:00,en,nypost.com,nypost.com,2020-08-31,Jill Biden heading out on campaign trail for husband Joe Biden,https://nypost.com/2020/08/31/jill-biden-heading-out-on-campaign-trail-for-husband-joe-biden/
fd85fff3c3b713f670621ac496e187770aa1a65f7ce4d890b325af03af8cac07,2024-11-06 06:09:18.748939+00:00,en,nypost.com,nypost.com,2020-08-31,Joe Biden asks crowd at Pittsburgh campaign event: ‘Do I look like a radical socialist?’,https://nypost.com/2020/08/31/joe-biden-asks-pittsburgh-crowd-do-i-look-like-a-radical-socialist/
422a3154e3905c79f31a8d8355e4bd6857636c019184613d9a2903883820031b,2024-11-05 23:51:17.144216+00:00,en,nypost.com,nypost.com,2020-09-02,DHS reportedly held intelligence bulletin about Russia’s plot to smear Biden,https://nypost.com/2020/09/02/dhs-held-up-intelligence-about-russia-plot-to-smear-joe-biden-report/
7272dcd47adbc1bfa7debd9d910fadd066d1e3cf521ce5b888d33bde26afc5d1,2024-11-05 22:37:45.925786+00:00,en,nypost.com,nypost.com,2020-08-24,Republican former Sen. Jeff Flake endorses Joe Biden,https://nypost.com/2020/08/24/former-republican-senator-jeff-flake-endorses-joe-biden/?utm_source=NYPTwitter&utm_medium=SocialFlow&utm_campaign=SocialFlow
b165acea9aa84aa74bfece7490371137acb399eac65ea918b23814cc06660cb3,2024-11-05 22:13:29.737716+00:00,en,nypost.com,nypost.com,2020-08-26,Ex-Trump spy chief Richard Grenell says Biden helped target Michael Flynn at RNC,https://nypost.com/2020/08/26/rnc-2020-ex-spy-chief-richard-grenell-says-biden-helped-target-michael-flynn/?utm_source=twitter_sitebuttons&utm_medium=site%20buttons&utm_campaign=site%20buttons
ee280c4a17c6c8b1535b26eb6a8f48ee0efaa51c3437c23a33f779d4f608b882,2024-11-05 21:57:44.822647+00:00,en,nypost.com,nypost.com,2020-08-13,Hillary Clinton ‘ready to help’ in Biden administration if asked,https://nypost.com/2020/08/13/hillary-clinton-ready-to-help-in-biden-administration-if-asked/?utm_source=NYPTwitter&utm_campaign=SocialFlow&utm_medium=SocialFlow
63794e5e9c42aa001cf9bc687b3bb92c24c596a176d451f52625f0fba241866c,2024-11-05 19:50:41.990587+00:00,en,nypost.com,nypost.com,2020-09-04,‘The View’ confirms Sara Haines will return to show for Season 24,https://nypost.com/2020/09/04/the-view-confirms-sara-haines-will-return-to-show-for-season-24/
3f259b1c04d5392660a363f03950be38690fea31a423adf4e77e26be13e4b8dd,2024-11-01 22:58:48.223095+00:00,en,nypost.com,nypost.com,2020-08-30,Why Joe Biden is losing ground in key swing states,https://nypost.com/2020/08/30/why-joe-biden-is-losing-ground-in-key-swing-states/
3817fead56b57a4c6ac732871c5dee58a45a7919e313c4f841385c570dc96e7f,2024-10-24 19:56:10.126654+00:00,en,nypost.com,nypost.com,2020-09-04,"Joe Biden says Russia, not China, is top threat to election",https://nypost.com/2020/09/04/joe-biden-says-russia-not-china-is-top-threat-to-election/
b5ebfb9568205c716ef6e85d561f89335f86248ad6258cbb94328583e1ced307,2024-10-24 19:02:17.645282+00:00,en,nypost.com,nypost.com,2020-08-08,There’s no masking Mayor Bill de Blasio’s apathy for NYC: Goodwin,https://nypost.com/2020/08/08/theres-no-masking-mayor-de-blasios-apathy-for-nyc-goodwin/amp/
e451200ecae84f7012917f5deddd90594c896390c4b07e45c00c9359512ad97a,2024-10-24 08:51:36.358264+00:00,en,nypost.com,nypost.com,2020-07-28,"July 28, 2020",https://nypost.com/2020/07/28/
3cfc88742742b015cf860965993265d027d1ee515879211cf04e621a229aa106,2024-10-24 06:39:04.391064+00:00,en,nypost.com,nypost.com,2020-09-06,Joe Biden is in a bind due to COVID-19,https://nypost.com/2020/09/06/joe-biden-is-in-a-bind-due-to-covid-19/
4627874706fca59cfa6f6bded631957c4167796202b0f47b8299611f6bc79e35,2024-10-24 05:18:52.189921+00:00,en,nypost.com,nypost.com,2020-09-07,Democrats’ new strategy for winning the White House: Threaten riots if they lose,https://nypost.com/2020/09/07/dems-strategy-for-winning-the-white-house-threaten-riots-if-they-lose/
1b2c1314d0b14cac6212ffbec0ea9058d55eb6606f33a877d02a86a0c40d6c87,2024-10-24 02:43:19.140632+00:00,en,nypost.com,nypost.com,2020-09-09,HHS Secretary Alex Azar says COVID-19 vaccine would meet FDA standards,https://nypost.com/2020/09/09/alex-azar-says-any-covid-19-vaccine-would-meet-fda-standards/
a45b62eb8b760b5c6f4d472e14d420f1a584d524052bdd6eaab15b0b5f9acc7f,2024-10-24 01:52:47.747739+00:00,en,nypost.com,nypost.com,2020-09-09,Save Election Night: There’s no reason America has to wait weeks for final results,https://nypost.com/2020/09/09/save-election-night-theres-no-reason-america-has-to-wait-weeks-for-final-results/
ff5cd2c8204efb822f1de0eed50915e2be42765e1982a497a25ebcca3523d443,2024-10-24 00:53:56.541666+00:00,en,nypost.com,nypost.com,2020-09-10,Joe Biden hasn’t answered questions from an Instagram ‘ask me anything’,https://nypost.com/2020/09/10/biden-hasnt-answered-questions-in-instagram-ask-me-anything/
991e2edb6cd30a4e0b4bcb7a835a9a3d2d82bdbacdf8b67e7f50cdb18e2805c4,2024-10-24 00:44:01.786180+00:00,en,nypost.com,nypost.com,2020-09-10,Trump supporters holding boat parade to mark 9/11 anniversary,https://nypost.com/2020/09/10/trump-supporters-holding-bipartisan-boat-parade-on-9-11-anniversary/
4d7b702c90268574c2ff81168375a0ec21a203aaf2dc81e7d450288c748baf77,2024-10-24 00:39:25.353460+00:00,en,nypost.com,nypost.com,2020-09-10,Russian state hackers suspected in targeting Biden campaign firm,https://nypost.com/2020/09/10/exclusive-russian-state-hackers-suspected-in-targeting-biden-campaign-firm-sources/
1c5f9593873f533a3e2c33240255427ed23a3816f413e44a813486b7ac697775,2024-10-24 00:30:32.314572+00:00,en,nypost.com,nypost.com,2020-09-10,‘Russian agent’ hit with US sanctions related to election interference,https://nypost.com/2020/09/10/russian-agent-hit-with-us-sanctions-related-to-election-interference/
e9d2f41fc8191656975a30385e17c1fb35a003fb8ad727912b5e7dd2ba6fce6a,2024-10-24 00:19:07.361195+00:00,en,nypost.com,nypost.com,2020-09-10,"Russia, China and Iran trying to hack 2020 election, Microsoft says",https://nypost.com/2020/09/10/russia-china-and-iran-trying-to-hack-2020-election-microsoft-says/
33ba7e29a5aa6e607a00e603e185a3be58a6e2d7e489fa95b8a2acd2c6be2bbc,2024-10-24 00:04:19.006009+00:00,en,nypost.com,nypost.com,2020-09-10,Beware the ‘work from home’ model and other commentary,https://nypost.com/2020/09/10/beware-the-work-from-home-model-and-other-commentary/
08a762cd2c7813293366589b08f3409ebd3292ae58ff5af048e373a24eaaa873,2024-10-23 22:48:20.948178+00:00,en,nypost.com,nypost.com,2020-06-10,A ‘Black Lives’ pander by Democrats: Devine,https://nypost.com/2020/06/10/a-black-lives-pander-by-democrats-devine/?utm_medium=SocialFlow&utm_campaign=SocialFlow&utm_source=NYPOpinionFacebook
db2ccd5e76b01c389d5cec01155055a58aaa1ffa7dbdc24805b002afb27a02c0,2024-10-23 22:45:36.292321+00:00,en,nypost.com,nypost.com,2020-08-27,‘Four more years’: Trump formally accepts GOP nomination from White House,https://nypost.com/2020/08/27/rnc-2020-trump-formally-accepts-gop-nomination/?utm_source=facebook_sitebuttons&utm_medium=site+buttons&utm_campaign=site+buttons
330a87ba6ad632ff62ca5d8a61a3224cca398a05896899249b6fe65188c8d2e7,2024-10-23 22:34:39.589036+00:00,en,nypost.com,nypost.com,2020-08-01,Liberals can’t deny the complications of counting mail-in ballots: Goodwin,https://nypost.com/2020/08/01/a-national-mail-in-ballot-election-would-be-a-disaster-goodwin/?utm_source=facebook_sitebuttons&utm_medium=site+buttons&utm_campaign=site+buttons
832119e6fcdf27916bf86f15dcbf3368a4480f6c4a7b77c86ccc2c98988fbb93,2024-10-23 22:28:13.671391+00:00,en,nypost.com,nypost.com,2020-09-11,What Biden-omics misses and other commentary,https://nypost.com/2020/09/11/what-biden-omics-misses-and-other-commentary/
097002ac0e363180442961bbe72f1a8a9cd1e6a32ba088f1ef77bab043733a44,2024-10-23 16:55:12.687346+00:00,en,nypost.com,nypost.com,2020-09-15,"Trump hosts Arab, Israeli leaders to ink historic deal: ‘A new Middle East’",https://nypost.com/2020/09/15/trump-hosts-arab-israeli-leaders-to-ink-historic-deal/
3bd66ed47108f3b22a4c0ed8e05d24ac1d3545f79ee576c0bbe8f594ab19de04,2024-10-23 15:52:26.397629+00:00,en,nypost.com,nypost.com,2020-09-16,Joe Biden’s 2016 call with ex-Ukraine president Petro Poroshenko is leaked,https://nypost.com/2020/09/16/biden-hits-trump-administration-in-leaked-call-with-poroshenko/
78fed070dce132f814a9e589c75ab7a5c2973b99faac3d31b9e915c585a48d66,2024-10-23 14:00:52.012857+00:00,en,nypost.com,nypost.com,2020-09-14,Top HHS spokesman accuses CDC staffers of ‘sedition’ over coronavirus: report,https://nypost.com/2020/09/14/hhs-spokesman-accuses-cdc-staffers-of-coronavirus-sedition-report/
ec2a1c8c7d8df05d3ff63709c4375f05200b821cb80def7e5e0918899c03858e,2024-10-23 13:41:46.578317+00:00,en,nypost.com,nypost.com,2020-09-17,FBI director says Russia and China tried to ‘piggyback’ on George Floyd unrest,https://nypost.com/2020/09/17/wray-says-russia-china-tried-to-piggyback-on-floyd-unrest/
f6b5aacf45b8280e86957bdc486b42af5613ddab017b75513d3f8ef234cec427,2024-10-23 11:49:11.737398+00:00,en,nypost.com,nypost.com,2020-09-18,Trump: FBI director’s testimony on Antifa and China ‘bothers me’,https://nypost.com/2020/09/18/trump-bothered-by-fbi-directors-testimony-on-antifa-and-china/
f085c81932f5e4f9649ed33e2a2d1a43b03cbf03ee6eea6fbca0a5d7fdb83360,2024-10-23 10:55:49.036302+00:00,en,nypost.com,nypost.com,2020-09-19,Trump’s ‘Eagle’ persona could slay Biden’s ‘Dove’ in election: personality expert,https://nypost.com/2020/09/19/trumps-eagle-persona-could-slay-bidens-dove-on-election-day/
0f6852a3070e0e5e3c354460dc313a233e2d4abeea678246e58d9a31b58f2fbf,2024-10-23 10:42:41.393813+00:00,en,nypost.com,nypost.com,2020-09-19,"As Trump campaigns, Senate prepares for battle over Ginsburg vacancy",https://nypost.com/2020/09/19/as-trump-campaigns-senate-preps-for-battle-over-ginsburg-vacancy/
efb289de603f93c3307d419664c32f2e051624de8083b1513f9053ab41a927e0,2024-10-23 06:12:42.519364+00:00,en,nypost.com,nypost.com,2020-09-22,Trump slams Biden on fracking and trade at Pennsylvania rally,https://nypost.com/2020/09/22/trump-slams-biden-for-fracking-and-trade-at-pennsylvania-rally/
961f1f60955adc25734943197bda2c763b8e50be90d6aaedab13eab8fd9ba826,2024-10-23 05:26:32.967854+00:00,en,nypost.com,nypost.com,2020-09-23,Ranked choice voting in Maine a go for presidential election,https://nypost.com/2020/09/23/ranked-choice-voting-in-maine-a-go-for-presidential-election/
b8949d474908a08d90482b10d945c457c603122b1f49248c27e7654df6cd8d3a,2024-10-23 04:43:55.728922+00:00,en,nypost.com,nypost.com,2020-09-23,"Trump on Meghan Markle: ‘I wish a lot of luck to Harry, because he’s gonna need it’",https://nypost.com/2020/09/23/trump-slams-meghan-markle-after-endorsing-joe-biden/
cca70e3e2aea6f798eed7ca992445c86f5df70a1b8db22cd77cb9a405aa67e72,2024-10-23 01:59:16.852970+00:00,en,nypost.com,nypost.com,2020-09-24,Gun sales in major swing states up nearly 80% this year: Will it have bearing on election?,https://nypost.com/2020/09/24/gun-sales-in-major-swing-states-up-nearly-80-this-year-will-it-have-bearing-on-election/
e7912bbcd558096606087799f9232d6c29127a4704149ad056a96c0068b5f254,2024-10-23 01:59:15.891969+00:00,en,nypost.com,nypost.com,2020-09-24,"US, Chinese diplomats signal tricky road ahead for climate diplomacy",https://nypost.com/2020/09/24/us-chinese-diplomats-signal-tricky-road-ahead-for-climate-diplomacy/
7b5aac5443345993b9ed62d36563613d0beeeb7719094d817da91f0ce2bbf8dd,2024-10-23 01:01:08.969137+00:00,en,nypost.com,nypost.com,2020-09-24,FBI investigates ballots for Trump found in Pennsylvania garbage,https://nypost.com/2020/09/24/fbi-investigates-ballots-for-trump-found-in-pennsylvania-garbage/
3aa3b05db346c214526817688d1af49623eed05a80a823b19e76a4e85e1e0b14,2024-10-23 00:56:08.475769+00:00,en,nypost.com,nypost.com,2020-09-24,Joe and Jill Biden to pay respects to Ruth Bader Ginsburg on Friday,https://nypost.com/2020/09/24/bidens-to-pay-respects-to-ruth-bader-ginsburg-on-friday/
c4cb45ecf56866d6743dbc8d46f2a2bb454515364b24258d5eeb88bc482ce3ba,2024-10-22 23:49:41.008870+00:00,en,nypost.com,nypost.com,2020-09-25,"Mueller team FBI agent: Flynn prosecution had ‘get Trump’ vibe, collusion ‘dead end’",https://nypost.com/2020/09/25/mueller-team-fbi-agent-flynn-prosecution-had-get-trump-vibe/
ce5f8556478fb0ce2a9b8cdcc87286c285d2aa4de2b19911fc3a4dcd494c7da3,2024-10-22 23:40:42.467853+00:00,en,nypost.com,nypost.com,2020-09-25,Trump says debating with Biden will be like a UFC match,https://nypost.com/2020/09/25/trump-says-debating-with-biden-will-be-like-a-ufc-match/
aeacc916c6e18b2f717ba3d400c07fad33abe037e814b3cd218268d8fa0ad0b7,2024-10-22 22:17:37.729761+00:00,en,nypost.com,nypost.com,2020-09-26,Dems scramble for SCOTUS strategy as GOP hopes for an Election Day boost,https://nypost.com/2020/09/26/dems-scramble-for-scotus-strategy-as-gop-hopes-for-election-boost/
cf2e82fc2d81e4b8688cdebefd5187af0844a7028f021ad25ea2646cdbc9da62,2024-10-22 19:40:42.694203+00:00,en,nypost.com,nypost.com,2020-09-28,New poll shows Trump and Biden essentially tied in North Carolina,https://nypost.com/2020/09/28/new-poll-shows-trump-and-biden-essentially-tied-in-north-carolina/
3fc0fef5486cc42324f3bf0d58ba4b3d6c01d3de7e3a5db56b002cdae7bd704d,2024-10-22 19:36:36.694576+00:00,en,nypost.com,nypost.com,2020-09-28,Trump will speak remotely at NY Archdiocese’s virtual Al Smith Dinner,https://nypost.com/2020/09/28/trump-will-speak-remotely-at-ny-archdioceses-virtual-al-smith-dinner/
2e04553ee0d993a57f7e1e415ff5c617a0ff12235c79bc07db1355c17586d36d,2024-10-22 18:08:53.919131+00:00,en,nypost.com,nypost.com,2020-09-29,"2020’s First Presidential Debate: Time, how to watch, and what to expect",https://nypost.com/2020/09/29/2020s-first-presidential-debate-time-how-to-watch-more/
56b58e1dc1840f3ed4f96307edc45114486329077bc6ac9f1fcad6a3589fb69c,2024-10-22 17:57:33.323710+00:00,en,nypost.com,nypost.com,2020-09-29,CIA told Obama of claim Hillary Clinton conjured Trump-Russia scandal: spy chief,https://nypost.com/2020/09/29/cia-told-obama-of-claim-clinton-conjured-trump-russia-scandal-spy-chief/
a9005c296019b308901878421e72e2a1680ea7a0e5793c9abc571cafd2865737,2024-10-22 17:16:21.883141+00:00,en,nypost.com,nypost.com,2020-09-30,"Biden says Green New Deal is not his plan, but campaign site calls it ‘crucial framework’",https://nypost.com/2020/09/30/biden-says-green-new-deal-is-not-his-plan-but-campaign-calls-it-crucial-framework/
5260e54468a93cba9316c1c82908de66fff0245c3d553fa983174cce0a297f13,2024-10-22 16:55:16.979094+00:00,en,nypost.com,nypost.com,2020-09-30,"Biden accuses Trump of forgetting the American worker as he begins tour of Ohio, Pa.",https://nypost.com/2020/09/30/biden-accuses-trump-of-forgetting-the-american-worker-as-he-begins-tour/
235534a60928cf050f0ecf05db0c25cc8f294a8a265d85c0ef711ae9fe832bd6,2024-10-22 15:15:12.027603+00:00,en,nypost.com,nypost.com,2020-10-01,Nancy Pelosi ‘not a big needle taker’ but says she may take COVID-19 vaccine,https://nypost.com/2020/10/01/pelosi-not-a-big-needle-taker-but-says-she-may-take-covid-19-vaccine/
cabf09bba73d3499d1043540126f23e098fae3a30a61b84616ded6c42fb39d36,2024-10-22 15:09:37.058111+00:00,en,nypost.com,nypost.com,2020-10-01,More than half of female small business owners say men have it easier,https://nypost.com/2020/10/01/more-than-half-of-women-small-business-owners-say-men-have-it-easier-than-them/
0c77a0ed0f1e1ae85b1e3af73fde15fe94fe61458bab42e5e49a31d89b76fc0d,2024-10-22 15:03:14.108754+00:00,en,nypost.com,nypost.com,2020-10-01,Democratic voters in Michigan swing county of Macomb aren’t sold on Biden,https://nypost.com/2020/10/01/democratic-voters-in-michigan-swing-county-arent-sold-on-biden/
52145f55432ed0d3f83ebdf110eb5e55eb461e9f849c5e33c20cd96479af8fd9,2024-10-22 14:56:19.973871+00:00,en,nypost.com,nypost.com,2020-10-01,Biden’s Supreme cop-out and other commentary,https://nypost.com/2020/10/01/bidens-supreme-cop-out-and-other-commentary/
196602332a98ca6dfd6228374fc7457586e3cfab47c832ffc827fc8c873526e0,2024-10-22 14:53:12.992118+00:00,en,nypost.com,nypost.com,2020-10-01,"Trump praises Catholics, NY ‘grit’ during pandemic in virtual Al Smith speech",https://nypost.com/2020/10/01/trump-praises-catholics-ny-grit-in-virtual-al-smith-event-speech/
ac75be4bb6ea2faf91f62e560c4198b11bd131c602070d668ff4375c706cbe7f,2024-10-22 13:49:24.341583+00:00,en,nypost.com,nypost.com,2020-10-02,Dow plunges more than 400 points after Trump’s COVID-19 diagnosis,https://nypost.com/2020/10/02/dow-plunges-more-than-400-points-after-trumps-covid-19-diagnosis/
f1255ec456246732933c7e0d2893c2bb4dc7c065af275fa4567c0cb46d5e5553,2024-10-22 13:30:32.814739+00:00,en,nypost.com,nypost.com,2020-10-02,Biden wishes Trump and first lady Melania full recovery at Michigan campaign stop,https://nypost.com/2020/10/02/biden-wishes-trump-melania-full-recovery-at-michigan-campaign-stop/
25f2de03cbdc6a6b495b10185f2f457adceeba946137af1cb36c71ae2cf7584a,2024-10-22 13:24:26.373281+00:00,en,nypost.com,nypost.com,2020-10-02,Trump doesn’t back supremacists and other commentary,https://nypost.com/2020/10/02/trump-doesnt-back-supremacists-and-other-commentary/
9096a1791e23550411da8deba4a442da1b0bb4ced8104a5ccfd2c59fe15b6ab8,2024-10-22 10:54:58.833562+00:00,en,nypost.com,nypost.com,2020-10-04,"Biden leads by 10 points, majority say Trump could’ve avoided COVID-19: poll",https://nypost.com/2020/10/04/biden-leads-by-10-points-majority-say-trump-couldve-avoided-covid-19-poll/
02cd930b91ae89dac7d483a05db293309a0407eb8b75a4726970f3adf74f213c,2024-10-22 08:13:51.013788+00:00,en,nypost.com,nypost.com,2020-10-06,"Biden distances self from ‘socialists,’ says he’s ‘taken on’ dictators",https://nypost.com/2020/10/06/joe-biden-distances-himself-from-socialists/
f492b14d2a18d0fd9dadcfc8e99a72fc1f13cb3ef68de0515aaed50a9ddbf5e4,2024-10-22 07:39:19.062998+00:00,en,nypost.com,nypost.com,2020-10-06,Biden cites ‘furious division’ in Gettysburg speech as Trump vows win,https://nypost.com/2020/10/06/biden-cites-furious-division-in-gettysburg-speech-as-trump-vows-win/
ea222c6c9a253fc91403658878c50627ffb09fce78b98bbda077620141d801f1,2024-10-22 07:34:50.702714+00:00,en,nypost.com,nypost.com,2020-10-06,Trump administration requires higher pay for high-skilled work visas,https://nypost.com/2020/10/06/trump-administration-requires-higher-pay-for-high-skilled-work-visas/
e8f8305f75c8fe251534f89520028799bfd9ef3cc003b570f4be928054d814d3,2024-10-22 06:04:53.276792+00:00,en,nypost.com,nypost.com,2020-09-06,Antifa riots may be part of Democrat power grab: Devine,https://nypost.com/2020/09/06/antifa-riots-could-be-part-of-democrat-power-grab-devine/?utm_source=facebook_sitebuttons&utm_medium=site+buttons&utm_campaign=site+buttons
d5a7b7dc82f185f78a2ae0aaf2e0c4a729fd9def08518224930358e855fbcb6e,2024-10-22 06:03:35.503550+00:00,en,nypost.com,nypost.com,2020-09-23,Liberal media’s pass on sloppy Joe and scandalous Hunter Biden: Devine,https://nypost.com/2020/09/23/liberal-medias-pass-on-sloppy-joe-and-hunter-biden-devine/?utm_campaign=iphone_nyp&utm_source=facebook_app
1f1b6b1fdf51fc1c9ed217dba866ff706ed7a33c5a2c14ab03ce7780da688c0f,2024-10-22 05:54:53.220798+00:00,en,nypost.com,nypost.com,2020-10-07,How Mike Pence intends to hit Kamala Harris in tonight’s veep debate,https://nypost.com/2020/10/07/how-pence-intends-to-hit-harris-in-tonights-veep-debate/
293bfb98360ad4c2f7a0b765c6658a709207c2d454772fdb4d6f2c1dcca6090c,2024-10-22 05:34:58.290216+00:00,en,nypost.com,nypost.com,2020-09-23,Biden: Trump replacing Ginsburg is a ‘gigantic mistake and abuse of power’,https://nypost.com/2020/09/23/biden-trump-replacing-ginsburg-gigantic-mistake-abuse-of-power/?utm_source=facebook_sitebuttons&utm_medium=site+buttons&utm_campaign=site+buttons
f62acd84b6ee677da2cc2a8b6bba6decb7a94b398a44b915cf1ec4084cda4113,2024-10-22 05:26:43.705667+00:00,en,nypost.com,nypost.com,2020-10-07,Who won the VP debate? Experts grade Kamala Harris vs. Mike Pence,https://nypost.com/2020/10/07/who-won-the-vp-debate-experts-grade-harris-pence-matchup/
612b9045ea4ff69eecc0bd36e72293581c81bb805bd1c031661685c12353b0ef,2024-10-22 03:53:03.605553+00:00,en,nypost.com,nypost.com,2020-10-08,US appeals court blocks extension of Wisconsin’s absentee ballot deadline,https://nypost.com/2020/10/08/appeals-court-blocks-extension-of-wisconsins-absentee-ballot-deadline/
f66c4caff27f4856bb02a0767aaab8bd3b09085b13bb6fa216a467f25ad4935a,2024-10-22 02:33:39.884756+00:00,en,nypost.com,nypost.com,2020-10-09,Progressives unveil new agenda to pressure Joe Biden to the left,https://nypost.com/2020/10/09/progressives-unveil-new-agenda-to-pressure-biden-to-the-left/
bbbd39e436d54cde44fdb14c913bc3c8e8f26b5f773f2141779a8a0f4db3fe19,2024-10-22 02:17:49.415183+00:00,en,nypost.com,nypost.com,2020-10-09,AG Barr says John Durham’s Russia probe won’t be done before election,https://nypost.com/2020/10/09/barr-says-john-durhams-russia-probe-wont-be-done-by-election-day/
6d93066e973b0b2472d71c647b2a2fa97fcdd2666ebf1759d4cf1ec1fde85abc,2024-10-22 02:14:30.241801+00:00,en,nypost.com,nypost.com,2020-10-09,Trump says Pelosi’s 25th Amendment bill is about replacing Biden with Harris,https://nypost.com/2020/10/09/trump-pelosis-25th-amendment-bill-about-replacing-biden-with-harris/
d2f80b01e0df7b55cc48d550381f29115c06129e8aa3b0aa2fd92a33cf66cd0d,2024-10-22 01:53:22.556785+00:00,en,nypost.com,nypost.com,2020-10-09,"Trump getting back on trail Monday in Florida, first trip since COVID-19 diagnosis",https://nypost.com/2020/10/09/trump-getting-back-on-trail-monday-in-florida/
bfe58b2928b412a0348608ab2adddec4065789c06308631c084cbd11888b542c,2024-10-22 00:51:38.724759+00:00,en,nypost.com,nypost.com,2020-10-10,How Trump’s ‘enthusiasm factor’ could lead to another surprise win on Election Day,https://nypost.com/2020/10/10/how-trumps-enthusiasm-factor-could-lead-to-another-surprise-win/
ac36ff835140728a0c5c34a09a545bd461d8d90cb91c288e8e55834bce1cce32,2024-10-21 23:06:30.174128+00:00,en,nypost.com,nypost.com,2020-10-11,Nancy Pelosi’s latest stunt proves she’s obsessed with President Trump: Devine,https://nypost.com/2020/10/11/pelosis-latest-stunt-proves-shes-obsessed-with-trump-devine/
d533ae3c56ce8d30dc83bb4040dff1f4d1a4d97f8de45686a0d1e748d406ff66,2024-10-21 21:48:34.592552+00:00,en,nypost.com,nypost.com,2020-10-12,Sen. Ben Sasse gives ‘civics’ lesson at Barrett confirmation hearing,https://nypost.com/2020/10/12/sen-sasse-gives-civics-lesson-at-barrett-confirmation-hearing/
44de3c7167daa2c1a134a39984f0821cdd0b15aab41f5d16d1fcb95ac6982d6f,2024-10-21 21:43:42.789661+00:00,en,nypost.com,nypost.com,2020-10-12,Pence addresses fly on his head during VP debate,https://nypost.com/2020/10/12/pence-addresses-fly-on-his-head-during-vp-debate/
b17c980af399844c430d0d93c1a225460678eab4a64363e88293cac31ee03dc7,2024-10-21 18:00:36.049794+00:00,en,nypost.com,nypost.com,2020-10-14,Trump talks tax cuts for middle class during speech to Economic Club of NY,https://nypost.com/2020/10/14/trump-talks-middle-class-tax-cuts-in-economic-club-of-ny-speech/
af00fa3f3405273b022514607fab390dbaad48fb03b006d4530a38541bf4f729,2024-10-21 15:19:11.020879+00:00,en,nypost.com,nypost.com,2020-10-15,Kayleigh McEnany returns to Twitter after ban over Post article,https://nypost.com/2020/10/15/kayleigh-mcenany-returns-to-twitter-after-ban-over-post-article/
85c83f6dd7545ab96ccdbb2c3548cd60b0a0eb441967348e87a1700e4d6a5dd8,2024-10-21 15:09:38.221409+00:00,en,nypost.com,nypost.com,2020-10-15,Dueling town halls: Experts grade President Trump and Joe Biden,https://nypost.com/2020/10/15/dueling-town-halls-experts-grade-president-trump-and-joe-biden/
843b97ab462f63ddc64b795ad9fb0c9eb89cc69a5574e7072531183b144c451f,2024-10-21 12:23:23.252719+00:00,en,nypost.com,nypost.com,2020-10-17,Joe Biden retreats to Delaware as Trump stumps through four states,https://nypost.com/2020/10/17/joe-biden-retreats-to-delaware-as-trump-stumps-through-four-states/
b4cbe72458f50896d6671211bea000808afe38d87b711ae7634a149d222dd7a4,2024-10-21 12:18:27.494958+00:00,en,nypost.com,nypost.com,2020-10-17,‘Die in a fire’: Twitter employees reveal deep hatred for Trump,https://nypost.com/2020/10/17/twitter-employees-reveal-deep-hatred-for-trump/
901fe7505679bb203c3462a84f524bfa672ed24fb603b5181588bbe356b30be9,2024-10-21 09:48:58.286278+00:00,en,nypost.com,nypost.com,2020-10-19,Black officers break from unions over Trump endorsements,https://nypost.com/2020/10/19/black-officers-break-from-unions-over-trump-endorsements/
89fd9a2e57dc9e890df99c6448559e18330ea075ccd212ddaae6631d0c1cd6fc,2024-10-21 09:48:02.921489+00:00,en,nypost.com,nypost.com,2020-10-19,Senate GOP must act now to stop tomorrow’s Big Tech abuses,https://nypost.com/2020/10/19/josh-hawley-senate-gop-must-act-to-stop-big-tech-abuses/
54c62050f8064e70a4630ff6eb977cbcb17d5c6122c8254b0cbdacb71b3fcc33,2024-10-21 09:45:56.311390+00:00,en,nypost.com,nypost.com,2020-10-19,"Trump tells campaign staff ‘we’re going to win,’ calls Fauci a ‘disaster’",https://nypost.com/2020/10/19/trump-tells-staff-were-going-to-win-during-internal-call/
c067c3c0b6037445eeb89b23dfda3eff38bd4c0fe1278d18f82f233782a36a7d,2024-10-21 08:09:43.198475+00:00,en,nypost.com,nypost.com,2020-10-20,Trump hosting Sinclair ‘town hall’ in White House Rose Garden,https://nypost.com/2020/10/20/trump-hosting-sinclair-town-hall-in-white-house-rose-garden/
23db8b74aacef705ebeaaf6d6d4fc6ec122f2aa40f20006b1edd24fab6a0381f,2024-10-21 06:16:14.335075+00:00,en,nypost.com,nypost.com,2020-10-21,These five people are allowed to tweet but one of America’s oldest newspapers can’t,https://nypost.com/2020/10/21/these-five-people-are-allowed-to-tweet-but-one-of-americas-oldest-newspapers-cant/
2b6365d9468bd7ffb819dfb4fb741de017742a070bdd936f0c59158924b00e8c,2024-10-21 06:00:07.792733+00:00,en,nypost.com,nypost.com,2020-10-21,"Joe insults allies, media shrug and other commentary",https://nypost.com/2020/10/21/joe-insults-allies-media-shrug-and-other-commentary/
870a72948a0dead622af6d9d314c250a788b964f697e6e4a3c76fcc5f7d7ac94,2024-10-21 04:59:36.382054+00:00,en,nypost.com,nypost.com,2020-10-22,Trump slams Obama as ex-president returns to 2020 campaign trail,https://nypost.com/2020/10/22/trump-slams-obama-as-ex-president-returns-to-2020-campaign-trail/
599c52260e3c293013d0713801d89b5415b279f461930aa0f29a000680490084,2024-10-21 04:59:36.193461+00:00,en,nypost.com,nypost.com,2020-10-22,"Trump campaign, UFC team up for massive YouTube ad during final debate",https://nypost.com/2020/10/22/trump-ufc-team-up-to-take-over-youtube-during-presidential-debate/
5beb13585c7e99c23601c6ffc64a0ad5e86436b8be6bc722fa331ea7595471a5,2024-10-21 04:14:06.988794+00:00,en,nypost.com,nypost.com,2020-10-22,The press can’t handle the truth and other commentary,https://nypost.com/2020/10/22/the-press-cant-handle-the-truth-and-other-commentary/
4084e91457562a39d6c4f7e786395d787c404cdf7efd6afdf3de87134dd283e1,2024-10-21 04:00:50.088966+00:00,en,nypost.com,nypost.com,2020-10-22,Ivanka campaigning to bring suburban women back to President Trump,https://nypost.com/2020/10/22/ivanka-helping-bring-back-suburban-women-to-president-trump/
09b4d5f189a71275fd97b4523354ea1e4a181f974853cc81516efecefe369d66,2024-10-21 02:35:26.527152+00:00,en,nypost.com,nypost.com,2020-10-23,Expensify urges millions of users to vote for Biden in email blast,https://nypost.com/2020/10/23/expensify-sends-mass-email-urging-users-to-vote-for-biden/
7b5e4bf1309bd46d0915ab655ff7d9de79bd00872c86e5b45f6022fd721a02dd,2024-10-21 02:28:07.289978+00:00,en,nypost.com,nypost.com,2020-10-23,"As early voting begins in NY, Trump factor looms over congressional races",https://nypost.com/2020/10/23/trump-factor-looming-over-new-york-congressional-races/
9585465ce3dfdd2c34bf9d8d3659ea8e7660aeb75257519ea3f9226bd088bf8c,2024-10-21 02:16:48.014889+00:00,en,nypost.com,nypost.com,2020-10-23,Trump slams Biden’s oil transition remarks as ‘worst mistake in debate history’,https://nypost.com/2020/10/23/trump-slams-bidens-oil-transition-remarks-as-worst-mistake-in-debate-history/
fe55c20b14b56f04e8eeb1d31c2bcddf6a70a5ece0261cb212299c44e1bad214,2024-10-20 23:58:56.678904+00:00,en,nypost.com,nypost.com,2020-10-22,Donald Trump may be the most pro-Jewish president ever,https://nypost.com/2020/10/22/donald-trump-may-be-the-most-pro-jewish-president-ever/
98022495ec3c0ef57aa9661f059a3a7c765c63c34efd022b1ffc6c24df86d89f,2024-10-20 23:58:08.966124+00:00,en,nypost.com,nypost.com,2020-10-24,Why Pennsylvania miners are voting Trump — even though he didn’t bring jobs back,https://nypost.com/2020/10/24/why-pennsylvania-miners-are-voting-trump-even-though-he-didnt-bring-jobs-back/
830c8a7305d0d1e44281b99fdebc7848d37a1ce0b0013b826c2d0aabb9e62d04,2024-10-20 23:58:07.952285+00:00,en,nypost.com,nypost.com,2020-10-25,‘SNL’ final presidential debate sketch is yet again terrible,https://nypost.com/2020/10/25/snl-final-presidential-debate-sketch-is-yet-again-terrible/
2cd40322e48f6328f771ccef18ac3b368f181b29bb5ac135a1413f145129dd33,2024-10-20 23:57:31.963608+00:00,en,nypost.com,nypost.com,2020-10-25,Kamala Harris caught asking aide which city she was in during Cleveland stop,https://nypost.com/2020/10/25/kamala-harris-caught-asking-aide-which-city-she-was-in-during-trip/
7d89335ef8d62c8c45513d590af4cf89e4f32ee1695857ea18149a7578d66b99,2024-10-20 22:50:27.301678+00:00,en,nypost.com,nypost.com,2020-10-26,Facebook preps for US election chaos with tools for ‘at-risk’ nations,https://nypost.com/2020/10/26/facebook-readies-tools-for-at-risk-nations-ahead-of-us-election/
dad73ec580be2697891fd1c790cb9f86d4a3321be6b766a05fc330503adecea4,2024-10-20 21:58:44.402491+00:00,en,nypost.com,nypost.com,2020-10-27,Biden slams ‘rushed and unprecedented’ Amy Coney Barrett confirmation,https://nypost.com/2020/10/27/biden-slams-rushed-and-unprecedented-barrett-confirmation/
422dc7c1669bf88f19a8259ea504b0402fd7780e9d4c6bf373813ad48ee4e12e,2024-10-20 19:29:14.175442+00:00,en,nypost.com,nypost.com,2020-10-28,What is Section 230 and why was it created?,https://nypost.com/2020/10/28/what-is-section-230-and-why-was-it-created/
19d89a45c8cb3e90e840dcf47ba54ec42994473698ced7334f7587c57ffbc8e7,2024-10-20 18:44:54.634298+00:00,en,nypost.com,nypost.com,2020-10-28,"Who is Miles Taylor, author of the ‘Anonymous’ NYT op-ed on Trump?",https://nypost.com/article/who-is-miles-taylor-anonymous-trump-op-ed-author/
490f656a1eec3bc874c9dc01f846614733b5831084b2a10c8fcc6ea248bfd8e6,2024-10-20 17:25:15.940283+00:00,en,nypost.com,nypost.com,2020-10-29,US scientists who shifted their work abroad dream of life after Trump,https://nypost.com/2020/10/29/make-science-great-again-us-researchers-dream-of-life-after-trump/
0f434044f55c09857359d50931a774002e3bf51d048af51ff795e2ca9a8ebbb2,2024-10-20 17:16:58.389422+00:00,en,nypost.com,nypost.com,2020-10-29,Hackers swipe $2M from Wisconsin Trump reelection account,https://nypost.com/2020/10/29/hackers-swipe-2m-from-wisconsin-trump-reelection-account/
c1629a9a15ff379561ef1d92fff7c0713a9b5241c2609e627e944b981d84b41c,2024-10-20 15:41:26.133890+00:00,en,nypost.com,nypost.com,2020-10-28,"Forget the polls, these Rust Belters offer real election insight: Devine",https://nypost.com/2020/10/28/forget-the-polls-these-rust-belters-offer-real-election-insight-devine/
00b67ce92ab37bc688b846819badebde683611c1f4e99d347a61074e2723e524,2024-10-20 15:37:21.812475+00:00,en,nypost.com,nypost.com,2020-10-30,Drudge Report traffic plunges as content turns against Trump,https://nypost.com/2020/10/30/drudge-report-traffic-plunges-as-content-turns-against-trump/
4acd5789754aeb6725e327d29141754dc16865bb9d192a6e0ebc81d90c5fc41f,2024-10-20 15:23:20.395957+00:00,en,nypost.com,nypost.com,2020-10-30,Glenn Greenwald says mainstream media is ‘desperate to see’ Trump lose,https://nypost.com/2020/10/30/glenn-greenwald-says-mainstream-media-is-desperate-to-see-trump-lose/
96a14e0c8a5aa380568328203bd9ab34263d7af7da28296069dbd4a642a4d7c7,2024-10-20 14:45:58.681763+00:00,en,nypost.com,nypost.com,2020-10-31,NYC therapists brace for stress and anxiety amid election madness,https://nypost.com/2020/10/31/nyc-therapists-brace-for-stress-anxiety-amid-election-madness/
b93abc9447d452645a3a77eed67d392f465ff8ebcb768f95750913e0ec406df6,2024-10-20 14:45:03.391172+00:00,en,nypost.com,nypost.com,2020-10-31,The black community’s best chance may be four more years of Trump,https://nypost.com/2020/10/31/the-black-communitys-best-chance-may-be-four-more-years-of-trump/
a44c9426c190a9ad865ba71bbc9d84c48ee5590f43416ec3181c6167a66c66da,2024-10-20 13:05:59.898896+00:00,en,nypost.com,nypost.com,2020-11-01,Voting for Biden is an invitation for endless riots and other commentary,https://nypost.com/2020/11/01/voting-for-biden-is-an-invitation-for-endless-riots-and-other-commentary/
ec7a1bd2a85edf079aab7a643cb14e0cf48a69a92554f56ca530013003e9c678,2024-10-20 13:05:59.836444+00:00,en,nypost.com,nypost.com,2020-11-01,Joe Biden says Trump is ‘terrified’ of Pennsylvania election results,https://nypost.com/2020/11/01/joe-biden-says-trump-is-terrified-of-pennsylvania-election-results/
bb06d24d6a718f046f599d5ab463adc147781032274527ab6de96661d60a8424,2024-10-20 12:43:53.500464+00:00,en,nypost.com,nypost.com,2020-10-31,Don’t trust banking behemoths’ 2020 election predictions,https://nypost.com/2020/10/31/dont-trust-banking-behemoths-2020-election-predictions/
6f7416cf2ecfdb64d17549e8fbdc4d4738b11742c0085d415c8523c45634e382,2024-10-20 12:15:15.389153+00:00,en,nypost.com,nypost.com,2020-11-02,Stocks bounce as Wall Street braces for Election Day,https://nypost.com/2020/11/02/stocks-bounce-as-wall-street-braces-for-election-day/
826e3b74b06fe0b5b1cb4b75fe92a77b7f2bc5ec76199235962a9668b0e2bda5,2024-10-20 11:55:27.756532+00:00,en,nypost.com,nypost.com,2020-11-02,NYC businesses board up shops ahead of 2020 presidential election,https://nypost.com/2020/11/02/nyc-businesses-board-up-shops-ahead-of-2020-presidential-election/
fbdef2f2fa9f4b889dfaf8ccfc9387983feb22553e5d942a2f01bf2b658327be,2024-10-20 11:42:32.068784+00:00,en,nypost.com,nypost.com,2020-11-02,Joe Biden reportedly eyes establishment over progressives for administration,https://nypost.com/2020/11/02/joe-biden-advisers-already-building-an-establishment-cabinet/
5ed1482dd4ada80f4665d0dc7ce4141dd5a621e048dce060183fa1ffc6de5345,2024-10-20 11:40:18.703445+00:00,en,nypost.com,nypost.com,2020-11-02,Stores across country board up fearing election-related chaos,https://nypost.com/2020/11/02/stores-across-the-country-board-up-for-election-related-chaos/
f1627cf778390661d223ee9169ed4f9d5f9917cd78ea455730bfd5f36a49770d,2024-10-20 11:36:19.424049+00:00,en,nypost.com,nypost.com,2020-11-02,US vote to shape how world warms as climate pact exit looms,https://nypost.com/2020/11/02/us-vote-to-shape-how-world-warms-as-climate-pact-exit-looms/
ff8e909f5b9033dc5fd8592297584e4ef5ed6f04a72840468cd960d0664235cc,2024-10-20 11:32:12.652240+00:00,en,nypost.com,nypost.com,2020-11-02,Kamala Harris again vows to get rid of Trump’s tax cuts if elected,https://nypost.com/2020/11/02/kamala-harris-again-vows-to-get-rid-of-trumps-tax-cuts-if-elected/
c7b0c2da6275d6df8ebd9e42d89cb202d8ae5457c0c2decaba565324740620ed,2024-10-20 11:28:15.182769+00:00,en,nypost.com,nypost.com,2020-11-02,Biden again claims at Pennsylvania rally that he ‘never’ opposed fracking,https://nypost.com/2020/11/02/biden-claims-at-pennsylvania-rally-that-he-never-opposed-fracking/
6dc3c676d3511b0e017154346a19c1f33b903c9a235ceb7e9c239ec75e3c737a,2024-10-20 10:28:19.216621+00:00,en,nypost.com,nypost.com,2020-10-14,"If ‘unreliable’ is the issue, why did social media never block anti-Trump stories?",https://nypost.com/2020/10/14/if-unreliable-is-the-issue-why-did-social-media-never-block-anti-trump-stories/?utm_source=flipboard&utm_medium=syndicated&utm_campaign=partnerfeed
85a836e4a93f54a5e67ec0513a663f3598f002a2ce3309a67e5cc5ceef7aab32,2024-10-20 07:01:51.268895+00:00,en,nypost.com,nypost.com,2020-10-17,‘Die in a fire’: Twitter employees reveal deep hatred for Trump,https://nypost.com/2020/10/17/twitter-employees-reveal-deep-hatred-for-trump/amp/#click=https://t.co/WbhVvhHTok
2d22de3a48d3a05b23fd728d8cdbf2b5419250762d78f0740b698300a665c2f8,2024-10-19 22:21:08.187884+00:00,en,nypost.com,nypost.com,2020-10-11,Nancy Pelosi’s latest stunt proves she’s obsessed with President Trump: Devine,https://nypost.com/2020/10/11/pelosis-latest-stunt-proves-shes-obsessed-with-trump-devine/?utm_source=maropost&utm_medium=email&utm_campaign=nypdaily&utm_content=20201012&tpcc=morning_report&mpweb=755-9121533-719062302
f4c303bdb1a8330bc864b21596e98546f7d9d768df3ca6f9429cdf1b9965bc28,2024-10-19 22:10:55.168560+00:00,en,nypost.com,nypost.com,2020-03-03,"March 3, 2020",https://nypost.com/2020/03/03/
0628a60af0b0d43d027dd7c277fb27d12932275b2e32ab7e652ad36109fbe4ac,2024-10-18 09:08:20.695705+00:00,en,nypost.com,nypost.com,2020-10-27,Democrats threaten court upheaval after Amy Coney Barrett confirmation,https://nypost.com/2020/10/27/democrats-meltdown-vow-court-reform-following-acb-confirmation/?utm_source=facebook_sitebuttons&utm_medium=site+buttons&utm_campaign=site+buttons
64d207f3e0d8ea3ad3686836be40393acd99f3f6940701b20254112e5e58bf31,2024-10-18 08:58:46.637039+00:00,en,nypost.com,nypost.com,2020-10-22,"Trump asks, ‘Will you remember that, Texas?’ as Biden vows ‘transition’ from oil",https://nypost.com/2020/10/22/trump-blasts-bidens-vow-to-transition-from-oil/amp/
6cdcce4a6ac3ca48901543f2510987570a58bf682467e6f78269f5865ce2519f,2024-10-17 19:08:53.909182+00:00,en,nypost.com,nypost.com,2020-10-28,What is Section 230 and why was it created?,https://nypost.com/article/what-is-section-230-and-why-was-it-created/
f5897967d5bb2359a72e5736fcbefe67bfc775e2a427e613f1c1d5b83a3cd0a4,2024-09-04 06:53:08.923872+00:00,en,nypost.com,nypost.com,2020-10-21,"October 21, 2020",https://nypost.com/2020/10/21/
